{
  "numpy_time": [
    3.861900699994294,
    5.1288592999917455,
    3.9132703999930527,
    3.726091100004851,
    3.7163166999962414,
    3.717971400008537,
    3.6932800999929896,
    3.752882100001443,
    3.6413135999900987,
    3.6644785000098636,
    3.726676200007205,
    3.6647959999972954,
    3.682340099985595,
    3.6700525999913225,
    3.779613899998367,
    4.186866499992902,
    3.6665314000129,
    3.7557806999975583,
    3.6402130000060424,
    3.7043020999990404,
    3.6417904999980237,
    3.7165982000005897,
    3.6782513999933144,
    3.631195800000569,
    3.708329400004004,
    3.6995257000089623,
    3.6968503999960376,
    3.73777799999516,
    3.6495708000002196,
    3.7247091000026558,
    3.6759781000000658,
    3.682938199999626,
    3.8472818000009283,
    3.618224999998347,
    3.7341803000017535,
    3.6317579000024125,
    3.777606299991021,
    3.6522789000009652,
    3.700112500009709,
    3.683160799992038,
    3.6571881000127178,
    3.6956961000105366,
    3.647517200006405,
    3.7773699999961536,
    3.640827499999432,
    3.750194799999008,
    3.6394844000024023,
    3.7042172999936156,
    3.6443972999986727,
    3.7147414999926696,
    3.644407700005104,
    3.9285308999969857,
    3.6712332000024617,
    3.7251621000032173,
    3.6614378000085708,
    3.693533599987859,
    3.6349737999989884,
    3.772655399996438,
    3.6458542000036687,
    3.6701102999941213,
    3.6464348000008613,
    3.7398767999984557,
    3.644426900005783,
    3.8482555000082357,
    3.666892799999914,
    3.76519809999445,
    3.7066192999918712,
    3.7106663000013214,
    3.766361100002541,
    3.70889840000018,
    3.715483600011794,
    3.7504892999859294,
    3.686545100004878,
    4.365379399998346,
    3.6807096999982605,
    3.774398800000199,
    3.7778206000075443,
    3.715821899997536,
    3.684708300002967,
    3.7403117999929236,
    3.7302570000028936,
    3.7286767000041436,
    3.70382320000499,
    3.685466599999927,
    3.7408434999961173,
    3.696157799990033,
    3.73848060000455,
    3.7240027000079863,
    3.6776848000008613,
    3.712389799999073,
    3.6999970999895595,
    3.717043200012995,
    3.7425562999997055,
    3.697628900001291,
    3.839068600005703,
    3.676325699998415,
    3.7397330999956466,
    3.8364761999982875,
    3.678938199998811,
    3.739221499999985
  ],
  "opencl_time": [
    0.031205080000000003,
    0.03116872,
    0.031211480000000003,
    0.031053920000000002,
    0.03119732,
    0.031115640000000003,
    0.0312336,
    0.031198600000000003,
    0.031625600000000004,
    0.0311588,
    0.031212760000000003,
    0.031191120000000003,
    0.031148520000000002,
    0.031209120000000003,
    0.03121716,
    0.031032800000000003,
    0.031242080000000002,
    0.0312824,
    0.031179440000000003,
    0.03111596,
    0.031327520000000005,
    0.031137360000000003,
    0.03115396,
    0.031190680000000002,
    0.031240360000000002,
    0.030993080000000003,
    0.031332320000000004,
    0.031120440000000003,
    0.031058960000000004,
    0.031148000000000002,
    0.031235440000000003,
    0.03111712,
    0.031146840000000002,
    0.031237200000000003,
    0.03119012,
    0.03123996,
    0.031149760000000002,
    0.031121000000000003,
    0.031215720000000002,
    0.031122760000000003,
    0.03115628,
    0.0310254,
    0.031143160000000003,
    0.03120312,
    0.031121600000000003,
    0.031162400000000003,
    0.031111800000000002,
    0.03112648,
    0.0310394,
    0.03121068,
    0.031197640000000002,
    0.03117684,
    0.031204560000000003,
    0.03117552,
    0.031184800000000002,
    0.03111728,
    0.031172480000000002,
    0.031103960000000003,
    0.031171400000000002,
    0.031150360000000002,
    0.03114012,
    0.031197480000000003,
    0.0311598,
    0.03109924,
    0.031142680000000002,
    0.03116916,
    0.031198200000000002,
    0.0312464,
    0.031207320000000004,
    0.03127352,
    0.031076600000000003,
    0.0312224,
    0.031168840000000003,
    0.031188200000000003,
    0.031200440000000003,
    0.031130520000000002,
    0.031159080000000002,
    0.031149120000000002,
    0.031141440000000003,
    0.03108036,
    0.031136880000000002,
    0.031106880000000003,
    0.031207560000000002,
    0.031254960000000005,
    0.031158920000000003,
    0.031241240000000003,
    0.03118092,
    0.031170240000000002,
    0.03117856,
    0.031204680000000002,
    0.031189800000000004,
    0.031135080000000002,
    0.031077640000000004,
    0.03132668,
    0.03115976,
    0.031119,
    0.0312118,
    0.031142560000000003,
    0.031154200000000003,
    0.031128600000000003
  ],
  "opencl_transfer_time": 1.2142950999987079,
  "batch_numpy_time": 383.52517560000706,
  "batch_opencl_time": 4.838205499996548
}