{
  "numpy_time": [
    1.4945078999880934,
    1.5477018999954453,
    1.521366000000853,
    1.5129600999935064,
    1.514087899995502,
    1.5098205000103917,
    1.491778499999782,
    1.4930261999979848,
    1.4941360999946482,
    1.495691899996018,
    1.50774659999297,
    1.494548799993936,
    1.538326000008965,
    1.5057891999895219,
    1.5597304000111762,
    1.4971676999994088,
    1.5144584000081522,
    1.5130334999994375,
    1.5003932999970857,
    1.5150209999992512,
    1.5080974000011338,
    1.5045118999987608,
    1.4940914000035264,
    1.4990924000012456,
    1.4948852000088664,
    1.5049451000086265,
    1.5054110000055516,
    1.496910999994725,
    1.5107764999993378,
    1.510927499999525,
    1.4974142999999458,
    1.4996949000051245,
    1.522299700009171,
    1.5454355999972904,
    1.5061240999930305,
    1.4949574999918696,
    1.5039886000013212,
    1.6038817999942694,
    1.498050800000783,
    1.5143458000093233,
    1.5273772999935318,
    1.5018298999930266,
    1.510758900010842,
    1.5051013000047533,
    1.500055299999076,
    1.4989708000066457,
    1.5204764999944018,
    1.4956544999877224,
    1.5005761999927927,
    1.496456799999578,
    1.4944183000043267,
    1.5194406999944476,
    1.4920105000055628,
    1.4950035000074422,
    1.4933916000009049,
    1.5062294999952428,
    2.1348198000050616,
    2.0570232000027318,
    1.473541600003955,
    1.472715399999288,
    1.4741324000060558,
    1.4768378000007942,
    1.4762858000030974,
    1.4950472000055015,
    1.4740489999967394,
    1.4755602999939583,
    1.4764030999940587,
    1.4781010000006063,
    1.4707094999903347,
    1.4760050000040792,
    1.4827614000096219,
    1.482315400004154,
    1.4738568000029773,
    1.4775253999978304,
    1.4807042999891564,
    1.4716480999923078,
    1.478483500002767,
    1.4743912999983877,
    1.4772603000019444,
    1.4748311000003014,
    1.747708099996089,
    1.6100083999917842,
    1.5554971999954432,
    1.5723800000123447,
    1.5005957999965176,
    1.500820000001113,
    1.5155586000037147,
    1.5554118000000017,
    1.533494300005259,
    1.505783500004327,
    1.4954823999869404,
    1.5158503999991808,
    1.4956457000080263,
    1.4894404000078794,
    1.4965244999912102,
    1.635758900010842,
    1.495749200010323,
    1.4898766000114847,
    1.4835192000027746,
    1.4918069999985164
  ],
  "opencl_time": [
    0.0127696,
    0.012777,
    0.012720760000000001,
    0.01275152,
    0.012701720000000001,
    0.01273196,
    0.01265892,
    0.01273112,
    0.01267816,
    0.012852440000000001,
    0.012741480000000001,
    0.01273056,
    0.01270216,
    0.012659640000000002,
    0.012814440000000002,
    0.012791960000000002,
    0.01268692,
    0.012616160000000001,
    0.012832040000000001,
    0.01278716,
    0.01275652,
    0.01268672,
    0.0126254,
    0.012711960000000001,
    0.01276376,
    0.01290984,
    0.01275068,
    0.01282868,
    0.01280292,
    0.012775080000000001,
    0.012786760000000001,
    0.012739680000000001,
    0.01269492,
    0.01272496,
    0.012658,
    0.012746480000000001,
    0.0126706,
    0.01262456,
    0.012728680000000001,
    0.0127396,
    0.012797840000000001,
    0.012772480000000001,
    0.0127632,
    0.01277,
    0.01264868,
    0.01272204,
    0.01267032,
    0.01279208,
    0.012688280000000001,
    0.012754000000000001,
    0.012688880000000001,
    0.012756960000000001,
    0.012759920000000001,
    0.012806560000000002,
    0.012818560000000001,
    0.01271364,
    0.012800160000000001,
    0.01273424,
    0.012716040000000001,
    0.01273052,
    0.012718920000000002,
    0.01278216,
    0.01269612,
    0.012686280000000001,
    0.01258656,
    0.01265784,
    0.01279012,
    0.012824960000000002,
    0.01261428,
    0.012718920000000002,
    0.01266648,
    0.01273612,
    0.012824680000000001,
    0.012606760000000002,
    0.012691480000000002,
    0.0127986,
    0.012761080000000001,
    0.012850960000000002,
    0.012686560000000001,
    0.01270564,
    0.01271468,
    0.01270568,
    0.0127338,
    0.012695320000000001,
    0.01274944,
    0.012803120000000001,
    0.012657640000000001,
    0.0127702,
    0.012743840000000001,
    0.0127326,
    0.01280124,
    0.012821560000000001,
    0.01281676,
    0.012736480000000001,
    0.01278624,
    0.01282748,
    0.012835840000000001,
    0.01271568,
    0.01275768,
    0.01270664
  ],
  "opencl_transfer_time": 0.5842250999994576
}