{
  "numpy_time": [
    4.293925899997703,
    3.767000099993311,
    3.7337448000034783,
    3.669670200004475,
    3.6794499999959953,
    3.6855194000090705,
    3.6762636000057682,
    3.75363949999155,
    3.6862972999952035,
    3.7747500999976182,
    3.818897199991625,
    3.8079077000002144,
    3.748379600001499,
    3.7166105000069365,
    3.717727900002501,
    3.7306787999987137,
    3.9118645999988075,
    3.796041299996432,
    3.7758759999996983,
    3.6985057999991113,
    3.7041124000097625,
    3.7357922999945004,
    3.7590892000007443,
    3.7023041999927955,
    3.6549699999886798,
    3.7217645999917295,
    3.74975909999921,
    3.7926886999921408,
    3.7467391999962274,
    3.683338200004073,
    3.7247627999895485,
    3.6653399000060745,
    3.862833999999566,
    3.8167036999948323,
    3.785903700001654,
    3.77781739999773,
    3.7630357000016375,
    3.675127299997257,
    3.7697063999949023,
    3.817200600009528,
    3.777649499999825,
    3.666913100008969,
    3.705260899994755,
    3.686087399997632,
    3.8299033000075724,
    3.8863086000055773,
    3.6893026000034297,
    3.7765262000029907,
    3.6632561000005808,
    3.8239328999916324,
    3.7025059000006877,
    3.7842303000070387,
    3.723443099996075,
    3.6597633000055794,
    3.7401685000077123,
    3.7395686999952886,
    3.706948699997156,
    3.8011727999983123,
    3.6724474000075134,
    3.811390799994115,
    3.7121934999886435,
    3.836139999999432,
    3.665846899995813,
    3.739212899992708,
    3.7030202000023564,
    3.788646700006211,
    3.7800205999956233,
    3.7461657999956515,
    3.7924061000085203,
    3.7569192000082694,
    3.6414910000021337,
    3.6703516999987187,
    3.768766500012134,
    3.689298500001314,
    3.6810611999972025,
    3.6875713000044925,
    4.136765999995987,
    4.763002399995457,
    3.726653099991381,
    3.6587953999987803,
    3.77513860000181,
    3.671185700004571,
    3.7352153999963775,
    3.797320800003945,
    3.6838057999993907,
    3.722589600001811,
    3.72516159999941,
    3.763528999988921,
    3.793394600012107,
    3.722215000001597,
    3.6802782000013394,
    3.744179899993469,
    3.6707795999973314,
    3.8127005999995163,
    3.7847011999983806,
    3.744534299999941,
    3.7531263000128092,
    3.6776491000055103,
    3.7378792999952566,
    3.701528599995072
  ],
  "opencl_time": [
    0.031603440000000003,
    0.03145088,
    0.031531960000000005,
    0.0315232,
    0.03146792,
    0.0314318,
    0.03144628,
    0.03149084,
    0.0313786,
    0.03156164,
    0.03146264,
    0.0313688,
    0.03140984,
    0.03147324,
    0.03147028,
    0.03172744,
    0.0315406,
    0.031507360000000005,
    0.03145308,
    0.031445480000000005,
    0.031471160000000005,
    0.031525080000000004,
    0.03143908,
    0.03147844,
    0.031542480000000005,
    0.03147796,
    0.03152696,
    0.031431680000000004,
    0.03152344,
    0.0315212,
    0.03146352,
    0.03153816,
    0.031453800000000004,
    0.031540120000000005,
    0.03164348,
    0.031596120000000005,
    0.031481640000000005,
    0.03143464,
    0.031418760000000004,
    0.031439560000000005,
    0.03146004,
    0.03142888,
    0.031479520000000004,
    0.03151148,
    0.03140636,
    0.03146252,
    0.03145004,
    0.031363840000000004,
    0.031415200000000004,
    0.0315522,
    0.0313418,
    0.03132832,
    0.03133364,
    0.0315486,
    0.03161776,
    0.03147192,
    0.03148328,
    0.03145888,
    0.031396440000000005,
    0.03136932,
    0.03143064,
    0.031436200000000004,
    0.03144176,
    0.03147376,
    0.0314196,
    0.03149372,
    0.031466560000000005,
    0.0314344,
    0.03144128,
    0.0313702,
    0.03151372,
    0.03139932,
    0.0314366,
    0.03142432,
    0.03146,
    0.031401160000000004,
    0.031461920000000004,
    0.03141316,
    0.0315836,
    0.03130504,
    0.03144108,
    0.031634800000000005,
    0.03141496,
    0.03155456,
    0.03135932,
    0.031430480000000004,
    0.031324080000000004,
    0.031613,
    0.031392960000000004,
    0.03133292,
    0.031508800000000003,
    0.031339200000000005,
    0.03156144,
    0.03144576,
    0.03156492,
    0.03136632,
    0.03146616,
    0.031484120000000004,
    0.03140956,
    0.03137264
  ],
  "opencl_transfer_time": 1.2913686000101734
}