{
  "numpy_time": [
    0.5465923999981896,
    0.6122930000019551,
    0.56769820000045,
    0.5702905999969516,
    0.5503456000005826,
    0.5485736000009638,
    0.5157900000012887,
    0.5609173999982886,
    0.49199570000200765,
    0.4867930000000342,
    0.5253812999981164,
    0.47998379999989993,
    0.5419801999996707,
    0.4813444999999774,
    0.5090176999983669,
    0.48355219999939436,
    0.5055591000018467,
    0.5270376000007673,
    0.5104142999989563,
    0.49685909999971045,
    0.4757640999996511,
    0.4856975999973656,
    0.5254117000004044,
    0.5126060000002326,
    0.5131676999990304,
    0.4817696000027354,
    0.47598399999696994,
    0.490399599999364,
    0.4910407999996096,
    0.5023101000006136,
    0.4755217000019911,
    0.4810953000014706,
    0.47612239999943995,
    0.49041159999978845,
    0.5454844000014418,
    0.5253655000014987,
    0.47604149999824585,
    0.4652483999998367,
    0.4856866000009177,
    0.5036956000003556,
    0.5116099000006216,
    0.5145681999965745,
    0.4788349000009475,
    0.5336688000024878,
    0.6119625999999698,
    0.5924884999985807,
    0.5556818000004569,
    0.5632200000000012,
    0.5635229999970761,
    0.5180383000006259,
    0.5520501999999397,
    0.5083192000020063,
    0.49936390000220854,
    0.4877850999982911,
    0.4916177000013704,
    0.48764200000005076,
    0.4664849000000686,
    0.48267000000123517,
    0.501040400002239,
    0.48974269999962416,
    0.5129197999995085,
    0.4941671000015049,
    0.5388443000010739,
    0.4963591000014276,
    0.512714299999061,
    0.49163010000120266,
    0.5061857999971835,
    0.4933600000003935,
    0.47878290000153356,
    0.5317402000000584,
    0.5155172000013408,
    0.5329476000006252,
    0.49001870000211056,
    0.5053206000011414,
    0.49333069999920554,
    0.4896789999984321,
    0.4863393999985419,
    0.493192399997497,
    0.4737041999978828,
    0.4912694999984524,
    0.48461540000062087,
    0.4967246999985946,
    0.4704382000018086,
    0.4755753999997978,
    0.5071592000022065,
    0.5271867000010388,
    0.48798720000195317,
    0.47771300000022165,
    0.5131823999981862,
    0.47282219999760855,
    0.49920990000100574,
    0.48165979999976116,
    0.45527059999949415,
    0.5033397000006516,
    0.4777603000002273,
    0.502441299999191,
    0.500537500000064,
    0.4923609999968903,
    0.5065291999999317,
    0.4818090000007942
  ],
  "opencl_time": [
    0.030512,
    0.03048804,
    0.03040864,
    0.030443800000000003,
    0.03035652,
    0.030619760000000003,
    0.03029932,
    0.03032448,
    0.03016784,
    0.03053248,
    0.03044016,
    0.030644400000000002,
    0.03034892,
    0.03068136,
    0.03047216,
    0.03041908,
    0.03045124,
    0.03056036,
    0.030263880000000003,
    0.03043324,
    0.030358120000000002,
    0.030374560000000002,
    0.030360240000000004,
    0.030311840000000003,
    0.03058096,
    0.03022468,
    0.03021584,
    0.03075328,
    0.030405880000000003,
    0.03029124,
    0.030346360000000003,
    0.030462520000000003,
    0.03027888,
    0.030278520000000003,
    0.030552520000000003,
    0.030430400000000003,
    0.030268200000000002,
    0.030611120000000002,
    0.030297400000000002,
    0.03049736,
    0.03053776,
    0.03027764,
    0.030607960000000003,
    0.030501040000000004,
    0.03052196,
    0.03038824,
    0.03020484,
    0.03040736,
    0.0303888,
    0.030501280000000002,
    0.030521520000000003,
    0.03048384,
    0.030248720000000003,
    0.03053608,
    0.0303,
    0.030142560000000002,
    0.030415960000000002,
    0.030339360000000003,
    0.03062068,
    0.030420640000000002,
    0.030447400000000003,
    0.03037588,
    0.030176440000000002,
    0.03034896,
    0.030355280000000002,
    0.030387800000000003,
    0.03028644,
    0.03055812,
    0.03072708,
    0.030588120000000003,
    0.030348280000000002,
    0.03037576,
    0.030618080000000002,
    0.030231160000000003,
    0.030493680000000002,
    0.030330480000000003,
    0.030455160000000002,
    0.030573680000000002,
    0.030404320000000002,
    0.03058724,
    0.03039352,
    0.03026376,
    0.03046576,
    0.03066748,
    0.030531000000000003,
    0.030350000000000002,
    0.030557840000000003,
    0.030237120000000003,
    0.03048808,
    0.030109080000000003,
    0.030716240000000002,
    0.030230680000000003,
    0.03058152,
    0.030481880000000003,
    0.03026008,
    0.030400680000000003,
    0.03020344,
    0.03024164,
    0.030519200000000003,
    0.03038744
  ],
  "opencl_transfer_time": 1.2912107999982254
}