{
  "numpy_time": [
    0.543222499996773,
    0.5535175000004529,
    0.5451008999989426,
    0.5732607999998436,
    0.49345349999930477,
    0.5334150000016962,
    0.5497264000005089,
    0.5091705999984697,
    0.5300629999983357,
    0.5423268000013195,
    0.5277559000023757,
    0.5224326999996265,
    0.5084819000003336,
    0.5036567999995896,
    0.5265661999983422,
    0.5038036999976612,
    0.5404190000008384,
    0.5169344999994792,
    0.5024032000001171,
    0.5429347999997844,
    0.5110325999994529,
    0.5177127000024484,
    0.558275200000935,
    0.505664300002536,
    0.5407524000002013,
    0.540201399999205,
    0.5046031999991101,
    0.5042025000002468,
    0.5185915000001842,
    0.5150856000000203,
    0.5168703000017558,
    0.5132556999997178,
    0.5221983000010368,
    0.5324961000005715,
    0.5089689999986149,
    0.5192117000005965,
    0.5151667999998608,
    0.5121269000010216,
    0.5871769000004861,
    0.5070892000003369,
    0.50068470000042,
    0.5146730000014941,
    0.5146701999983634,
    0.526287599997886,
    0.4992772999976296,
    0.5208878999983426,
    0.527335700000549,
    0.49929530000008526,
    0.5390260999993188,
    0.5499369999997725,
    0.4959961000022304,
    0.5226755999974557,
    0.5020585000020219,
    0.5195825999981025,
    0.5352671000000555,
    0.5172653000008722,
    0.531215400002111,
    0.524452100002236,
    0.5078678999998374,
    0.5286750000013853,
    0.5120346999974572,
    0.5375749999984691,
    0.4989260000002105,
    0.5107751000032295,
    0.5297294999982114,
    0.4970726999999897,
    0.523493700002291,
    0.5102026000022306,
    0.5066637999989325,
    0.5219738000014331,
    0.5375054000032833,
    0.5025706000014907,
    0.5257983999981661,
    0.5167676999990363,
    0.49958630000037374,
    0.5222534000022279,
    0.5208539999985078,
    0.5272694999985106,
    0.5685593999987759,
    0.5030894999981683,
    0.5200151999997615,
    0.4986028000021179,
    0.5283486999978777,
    0.5245671000011498,
    0.4913185000004887,
    0.5209680000007211,
    0.4978690000025381,
    0.5308038000002853,
    0.5256381000035617,
    0.5161260999993829,
    0.5350240999978269,
    0.5193997000023955,
    0.4942348000004131,
    0.5355153999989852,
    0.5131197000009706,
    0.5736182000000554,
    0.5726929000011296,
    0.5066265999994357,
    0.5054944000003161,
    0.5216393999980937
  ],
  "opencl_time": [
    0.0305898,
    0.030269,
    0.03079832,
    0.030555640000000002,
    0.03060548,
    0.030255200000000003,
    0.03059792,
    0.03023804,
    0.03046108,
    0.030362600000000003,
    0.03056212,
    0.030591040000000003,
    0.030655400000000003,
    0.030323120000000002,
    0.030362680000000003,
    0.03061712,
    0.03020472,
    0.03031564,
    0.030240080000000003,
    0.0303408,
    0.0304716,
    0.030371440000000003,
    0.030282080000000003,
    0.030359920000000002,
    0.03023512,
    0.0303344,
    0.03043432,
    0.030078880000000002,
    0.03011652,
    0.030349240000000003,
    0.030209000000000003,
    0.030270920000000003,
    0.03060728,
    0.030630160000000003,
    0.03037056,
    0.030140880000000002,
    0.03017076,
    0.03051436,
    0.030677480000000003,
    0.030458480000000003,
    0.030296680000000003,
    0.03019232,
    0.030525080000000003,
    0.030780560000000002,
    0.03062776,
    0.030402520000000002,
    0.0304792,
    0.030578280000000003,
    0.03017656,
    0.030587640000000003,
    0.030162920000000003,
    0.030319520000000003,
    0.030358640000000003,
    0.030646800000000002,
    0.03039048,
    0.030449160000000003,
    0.03024972,
    0.030295560000000003,
    0.030357600000000002,
    0.03008444,
    0.030313080000000003,
    0.030689920000000002,
    0.0304326,
    0.030440560000000002,
    0.030598120000000003,
    0.030388920000000003,
    0.030394280000000003,
    0.03024744,
    0.03030764,
    0.03023968,
    0.03031976,
    0.030417720000000002,
    0.030171600000000003,
    0.030365120000000002,
    0.03042028,
    0.030321840000000003,
    0.030405,
    0.03034012,
    0.030454320000000003,
    0.03047756,
    0.030671800000000003,
    0.03028312,
    0.03040404,
    0.030306800000000002,
    0.030115000000000003,
    0.030382720000000002,
    0.03038456,
    0.030254000000000003,
    0.0301386,
    0.030553840000000002,
    0.03044316,
    0.030269200000000003,
    0.03020236,
    0.030417080000000003,
    0.030303160000000003,
    0.030331160000000003,
    0.030554320000000003,
    0.03038396,
    0.03041664,
    0.03031864
  ],
  "opencl_transfer_time": 1.2802554999980202
}