{
  "numpy_time": [
    0.58198419999826,
    0.5925623000002815,
    0.5058729000011226,
    0.491861999998946,
    0.527439499997854,
    0.4979851999996754,
    0.5144919999984268,
    0.5170975999972143,
    0.5111440000000584,
    0.4780088000006799,
    0.5321230000008654,
    0.5465036000023247,
    0.5449808999983361,
    0.4900369999995746,
    0.47972719999961555,
    0.4993693999967945,
    0.4854118000002927,
    0.5077952000028745,
    0.5071452999982284,
    0.48258759999953327,
    0.4707151000002341,
    0.4789827000022342,
    0.4718037999991793,
    0.5048160000005737,
    0.4896751000014774,
    0.46437259999947855,
    0.49665010000171605,
    0.494860200000403,
    0.4836483000035514,
    0.48410359999979846,
    0.49070519999804674,
    0.4939993999978469,
    0.4807409999993979,
    0.47973159999673953,
    0.4991857999993954,
    0.5003507000001264,
    0.47772940000140807,
    0.49389500000324915,
    0.4900844999974652,
    0.4716014000005089,
    0.48816010000155075,
    0.48433769999974174,
    0.504501599996729,
    0.48718880000160425,
    0.49668709999968996,
    0.49051020000115386,
    0.507334499998251,
    0.4755606999970041,
    0.49720439999873633,
    0.47747079999680864,
    0.5128836999974737,
    0.5358169999999518,
    0.4924704999975802,
    0.5000465999983135,
    0.4934224999997241,
    0.49795459999950253,
    0.4956316000025254,
    0.497140199997375,
    0.4854999000017415,
    0.4769845000009809,
    0.48424270000032266,
    0.4832743000006303,
    0.5032171999991988,
    0.4922011999988172,
    0.5057950999980676,
    0.48373350000110804,
    0.48674380000011297,
    0.4747715000012249,
    0.4994004000000132,
    0.48451529999874765,
    0.47459819999858155,
    0.4810284999985015,
    0.49472989999776473,
    0.4987806000026467,
    0.5280525000016496,
    0.5053315000004659,
    0.4844718999993347,
    0.48382800000035786,
    0.47262449999834644,
    0.47854279999955907,
    0.4767790000005334,
    0.46550569999817526,
    0.484082999999373,
    0.49751520000063465,
    0.4757331000000704,
    0.47583400000075926,
    0.4832195999988471,
    0.4841956000018399,
    0.4691469999997935,
    0.4937957000001916,
    0.4757710000012594,
    0.4743789999993169,
    0.48464959999910207,
    0.48056329999963054,
    0.4673886999989918,
    0.4913639999977022,
    0.46765959999902407,
    0.48493299999972805,
    0.47087739999915357,
    0.4725114000029862
  ],
  "opencl_time": [
    0.030054760000000003,
    0.030182800000000003,
    0.03029696,
    0.029805920000000003,
    0.029930000000000002,
    0.029945160000000002,
    0.029988720000000003,
    0.030319440000000003,
    0.03005984,
    0.030076400000000003,
    0.030282120000000003,
    0.02989388,
    0.030061920000000002,
    0.02982452,
    0.030215520000000003,
    0.03007264,
    0.030114960000000003,
    0.030201520000000003,
    0.030156960000000003,
    0.03006848,
    0.02999144,
    0.029857480000000002,
    0.03033324,
    0.03006276,
    0.03022328,
    0.02996396,
    0.02978816,
    0.03001304,
    0.03018084,
    0.029808,
    0.029876720000000002,
    0.03021224,
    0.0301042,
    0.0300048,
    0.029865640000000002,
    0.0298664,
    0.030095600000000004,
    0.02978004,
    0.030050040000000004,
    0.02998744,
    0.02988044,
    0.03006152,
    0.029913920000000004,
    0.02995692,
    0.03020884,
    0.02998628,
    0.03004124,
    0.030181760000000002,
    0.03003716,
    0.029954400000000003,
    0.030022040000000003,
    0.03007448,
    0.03014632,
    0.029929720000000003,
    0.030174680000000002,
    0.02981564,
    0.03007856,
    0.030043,
    0.030020960000000003,
    0.03011604,
    0.029891720000000004,
    0.03002944,
    0.02991332,
    0.029945760000000002,
    0.030258680000000003,
    0.03006852,
    0.029939920000000002,
    0.029915760000000003,
    0.029769240000000002,
    0.029997160000000002,
    0.030010520000000002,
    0.030216800000000002,
    0.02995652,
    0.02997628,
    0.0300744,
    0.03010652,
    0.029844640000000002,
    0.03005044,
    0.02994996,
    0.02998272,
    0.029828120000000003,
    0.030098520000000004,
    0.0301954,
    0.030112000000000003,
    0.030020960000000003,
    0.030053000000000003,
    0.030020240000000004,
    0.02995992,
    0.029927960000000003,
    0.0298828,
    0.030023280000000003,
    0.02992888,
    0.030112240000000002,
    0.02993188,
    0.03001596,
    0.030005840000000002,
    0.0299746,
    0.02982092,
    0.030057680000000003,
    0.029969520000000003
  ],
  "opencl_transfer_time": 1.1438391999981832
}